1,Riddhima Drug mart,,,"Abhayan Arcade, Near Sharon's Public School, Ram Nagri, Ashiyana, Patna, Bihar 800025",1
2,Sah Pharma,,,"Post Office Road, Raxaul, East Champaran - 845305 Bihar",1
4,Chandrashekhar Medical,,,"Chandmari Rd, Opposite Ugam Pandey College, Netajee Subhash Colony, Motihari, Bihar 845401",1
6,Nitya Medical,,,"Parsagarh Bazar, near Umashanker More, Ekma, Dakhin Parsa, Bihar 841220",1
7,Reeta Drug Mart,,,"Near Mukti Nath Mandir, Ramdyalu Road, Muzaffarpur",1
8,Pragati Drug Mart,,,"At- Harihar Singh Road, Near Rampayari Hospital, Bariatu, Ranchi - 834009 , Jharkhand",1
9,Maa Gayatri Medical Hall,,,"Near Ara Railway Station, Godhna Road, Anaith, Ara , Bhojpur - 802301 , Bihar",1
10,Kavya Drug Store,,,"Changar More, East Ramkrishna Nagar, Bypas Road, Patna - 800027, Bihar",1
11,Techno Park Wellness,,,"Shop No-1, Bihar Pharmacy College Road, Near Gola Road Petrol Pump, Bailey Road - 801503, Bihar",1
12,Paul Medicals,,,"Palkot house , Near Mamta telecom, Lake road, Kishoreganj chowk, Ranchi - 834001",1
13,Kiyansh Medical & Wellness Mart,,,"Rita Complex, Village: Karsa, Near Prathmik Vidyalay Bikram Block Road, Bikram - Patna - 801104, Bihar",1
14,Azad Wellness Hub,,,"Shop No. 103, Al Hayat Palace Commercial Area, Naya Bazar, Dhanbad, 826001- Jharkhand",1
15,Good Health Medical,,,"Quazi Bagh Market, Near Ram Mandir, Gola Bazar, Sherghati, Gaya - 824211 Bihar",1
16,Rajlaxmi Medical Hall,,,"Near Children's Academy Public School, Main Road, Sawang 1 B Market, Gomia Bokaro Jharkhand- 829128",1
17,Shreeji Medical Store,,,"Uday Place, Main Road, Buddha Colony, Patna - 800001, Bihar",1
18,Madhav Wellness Center,,,"Surya Mandir, Kacchi Talab, Saristabad Road, Gardanibagh, Patna, 800002- Bihar",1
19,Bharat Drugs,,,"Moharram Chowk, Bettiah, West Champaran - 845438, Bihar",1
20,Dawai Mall,,,"Baba Jagannath Complex, Patepur Road, Mahua, Vaishali - 844122, Bihar",1
21,Swasthica Wellness Mart,,,"Ground Floor, Holding -136, Line No- 5, Kasidih, Sakchi, Kalimati Road, Jamshedpur, East Singhbhum - 831001, Jharkhand",1
22,Kavita Medical,,,"Bhurbhura More, Near Panchmukhi Hanuman Mandir, Deoghar- 814157, Jharkhand",1
23,One Stop Medicals,,,"Supriya Cinema Chowk, Bettiah, West Champaran - 845438, Bihar",1
24,Hare Krishan Enterprises,,,"Nakku Asthan, In front of Hanuman Mandir, Mohanpur Road, Samastipur - 848101, Bihar",1
25,Evara Enterprises,,,"Mahavir Niwas, Block Road, Kalika Kunj Colony, Pandardih, Sirsiya, Giridih - 815301, Jharkhand",1
26,Medicine World,,,"Hamidi Complex, Amar Cinema Road, Chhoti Kalyani, Muzaffarpur - 842001, Bihar",1
27,Usha Wellness Mart,,,"T-362, Housing Colony, Azad Nagar, Road No.3, Near Sai Mandir, Lohia Nagar, Kankarbagh, Patna - 800020, Bihar",1
28,Siddhi Drug Mart Munger,,,"Sadar Bazar, Near Tip Top Road, Jamalpur, Munger - 811214 Bihar",1
29,Tilak Enterprises,,,"Tilak Sadan, Opposite Farm Gate, Mubarakpur, Danapur, 801503 - Bihar",1
30,Sneha Enterprises,,,"Suhani Complex, Simrahi Bazar, Gol Chowk, Raghopur, Supaul - 852131, Bihar",1
31,Rudra Drug Point,,,"Tribhuvan More, Vijay Path, Khagaul Road, Danapur, Patna - 801105, Bihar",1
32,Jeevan Rakhsha Medicals,,,"Chaudhary Tola, Near Bus Stand, NH-80, Kahalgaon, Bhagalpur - 813203, Bihar",1
33,MS Enterprises Chhapra,,,"Azad Road, Karim Chowk, Sarkari Bazar, Chapra, Saran,  841301- Bihar",1
34,Purecure Medicines Lucknow,,,"2/8 Sector J, Jankipuram, Near St. Marry Hospital, Kursi Road, Lucknow - 226021, Uttar Pradesh",1
35,Mindo Medicine House - Madhupur,,,"Hatia Road, Near Ramchandra Bazar Hat, Sabji Market Complex, Madhupur,  Deoghar - 815353, Jharkhand",1
36,Abc Pharma Sitamarhi,,,"Mehsaul Chowk, Opposite Krishna Market, Dumra Road, Sitamarhi - 843302, Bihar",1
37,Panchmukhi Drug - Bettiah 3,,,"Near Panchmukhi Mandir, Kotwali Chowk, Bettiah, West Champaran - 845438, Bihar",1
38,Baranwal Medical - Maharajganj,,,"Baranwal Brothers, Near IDBI & Axis Bank, Mohan Bazar, Station Road, Maharajganj, Siwan - 841238, Bihar",1
39,Kalyan Medical - Ashiana Nagar Patna,,,"Jai Prakash Nagar, Near Saket Bhawan, Road No. 2, Ashiana Nagar, Patna - 800025, Bihar",1
40,Rudraksh Helath Care- Samastipur,,,"Arya Samaj Road, Near Shani Dev Mandir, Samastipur - 848101, Bihar",1
41,Neer Medical- Jamsedpur,,,"Ward No. 01, Near ‘C’ Road, West Layout, Kagal Nagar, Sonari, Jamshedpur, East Sighbhum - 831011, Jharkhand",1
42,Ranchi Medical- Tupudana Ranchi,,,"Kerkatta Complex, Shop No. C1, Near Jawed Habib, Tupudana Chowk, Hatia, Ranchi - 835221, Jharkhand",1
43,Shree Ganesh Medicine-Motipur,,,"Bhola Sah Bhawan, Baruraj Road, Motipur, Muzaffarpur - 843111, Bihar.",1
44,Raj Healthcare - Malahai Pakri,,,"Nageshwar Complex, E/142, Lohia Nagar Housing Colony, Near Sai Hospital (Heart Unit), Patna - 800020, Bihar",1
45,First Care Medicines - Muzaffarpur,,,"Plot No. 94, Khata No. 745, Ward -1, Jhitkahiya, Laxmi Chowk, Muzaffarpur - 842003, Bihar",1
46,Health Point - Dhanbad,,,"Plot No. 432, Mauja No. 7, Khata No. 68, Bartand, Hirapur, Near Pandit Clinic Road, Dhanbad - 826001, Jharkhand",1
47,Savitri Dawa Khana- Muzaffarpur,,,"Road No. 1, Opposite Union Bank of India, Juran Chhapra, Muzaffarpur - 842001, Bihar",1
48,Vayansh Medmart - Usri Bazar,,,"Ramdev Chowk, Usri Bazar,Danapur Cantt Road 801503",1
49,Dayal Medicals- Nawada,,,"Chowdhary Chowk, Near Dr. Sudha Sharma, Postmortem Road, Plot No 2999, Nawada - 805110, Bihar",1
50,Rajput Lifescinese- Robertganj,,,"Near Astha Hospital and Infront of Raj Dairy, Kamarhi, Robertsganj, Sonbhadra - 231216,  Uttar Pradesh",1
